,material_id,formula_pretty,formation_energy,third_element
0,cw-2,Al8Cu4Ag,-0.0769851098219372,Ag
1,cw-3,Al8Cu4Au,-0.0764238334757837,Au
2,cw-4,Al8Cu4Ba,-0.1881409827065525,Ba
3,cw-5,Al8Cu4Be,0.0327166019088317,Be
4,cw-6,Al8Cu4Bi,-0.0350306119373218,Bi
5,cw-7,Al8Cu4Ca,-0.2582998080911682,Ca
6,cw-8,Al8Cu4Cd,-0.0729316634757833,Cd
7,cw-9,Al8Cu4Ce,-0.3066115590527065,Ce
8,cw-10,Al8Cu4Co,-0.027831476360399,Co
9,cw-11,Al8Cu4Cr,-0.0642855015527065,Cr
10,cw-12,Al8Cu4Dy,-0.3072702223219371,Dy
11,cw-13,Al8Cu4Er,-0.2996275556125358,Er
12,cw-14,Al8Cu4Eu,-0.2933178928988603,Eu
13,cw-15,Al8Cu4Fe,-0.0274565427065526,Fe
14,cw-16,Al8Cu4Ga,-0.1001323659757834,Ga
15,cw-18,Al8Cu4Ge,-0.061767147033476,Ge
16,cw-19,Al8Cu4Hf,-0.2164038200142451,Hf
17,cw-21,Al8Cu4Ho,-0.3035871423219372,Ho
18,cw-22,Al8Cu4In,-0.0822666861680911,In
19,cw-23,Al8Cu4Ir,-0.0561540930911683,Ir
20,cw-24,Al8Cu4K,-0.1073676640046295,K
21,cw-25,Al8Cu4La,-0.3089553002065529,La
22,cw-26,Al8Cu4Li,-0.1786493873219371,Li
23,cw-27,Al8Cu4Lu,-0.2863732174501425,Lu
24,cw-28,Al8Cu4Mg,-0.1388162727065529,Mg
25,cw-29,Al8Cu4Mn,-0.1548955333962078,Mn
26,cw-30,Al8Cu4Mo,-0.0624936603988602,Mo
27,cw-31,Al8Cu4Na,-0.1556173315527065,Na
28,cw-32,Al8Cu4Nb,-0.1470003461680912,Nb
29,cw-33,Al8Cu4Nd,-0.3103307546296294,Nd
30,cw-34,Al8Cu4Ni,-0.0471599759757835,Ni
31,cw-36,Al8Cu4Os,0.0107373088319086,Os
32,cw-37,Al8Cu4Pb,-0.0644889657834759,Pb
33,cw-38,Al8Cu4Pd,-0.132139076937322,Pd
34,cw-40,Al8Cu4Pr,-0.3068257473219373,Pr
35,cw-41,Al8Cu4Pt,-0.1064989969373218,Pt
36,cw-43,Al8Cu4Rb,-0.0529123423700145,Rb
37,cw-44,Al8Cu4Re,0.0159293538319085,Re
38,cw-45,Al8Cu4Rh,-0.1139235096296296,Rh
39,cw-46,Al8Cu4Ru,-0.0592651465527065,Ru
40,cw-47,Al8Cu4Sb,-0.0401935484757837,Sb
41,cw-48,Al8Cu4Sc,-0.2731309653988605,Sc
42,cw-49,Al8Cu4Sm,-0.3118708882834756,Sm
43,cw-50,Al8Cu4Sn,-0.0778942293411683,Sn
44,cw-51,Al8Cu4Sr,-0.2342427565527063,Sr
45,cw-52,Al8Cu4Ta,-0.1040231141680909,Ta
46,cw-53,Al8Cu4Tb,-0.3103939934757836,Tb
47,cw-54,Al8Cu4Tc,-0.050525235014245,Tc
48,cw-55,Al8Cu4Te,-0.0121799273219374,Te
49,cw-57,Al8Cu4Ti,-0.1824258398860397,Ti
50,cw-58,Al8Cu4Tl,-0.0632429338603987,Tl
51,cw-59,Al8Cu4Tm,-0.2953560419373219,Tm
52,cw-60,Al8Cu4V,-0.0921509869373219,V
53,cw-61,Al8Cu4W,0.0012315642165241,W
54,cw-62,Al8Cu4Y,-0.3087858130911682,Y
56,cw-64,Al8Cu4Zn,-0.0713776196296299,Zn
57,cw-65,Al8Cu4Zr,-0.2554186084757834,Zr
58,mp-8017,AlCuTe2,-0.5504997270833331,Te
59,mp-1215314,ZrAlCu2,-0.207787367499999,Zr
60,mp-1217047,TiAlCu2,-0.196298953333332,Ti
61,mp-1217689,Tb2AlCu,-0.305269285,Tb
62,mp-1219346,ScAlCu2,-0.243945898749998,Sc
63,mp-1225076,Er2AlCu,-0.3259276325,Er
64,mp-1228938,AlCuNi6,-0.188906696249999,Ni
65,mp-1228912,AlCuPd2,-0.602823895,Pd
66,mp-12550,AlCuPt2,-0.697639895,Pt
67,mp-16496,Al(CuRe)2,0.380727542999999,Re
68,mp-1221881,Mn2AlCu3,0.03745522735632,Mn
69,mp-1222119,MgAlCu,-0.099228317777778,Mg
70,mp-1028244,Mg14AlCu,0.0185635225,Mg
71,mp-1216610,TmAlCu4,-0.248676391111111,Tm
72,mp-1217579,TbAlCu4,-0.248716513333333,Tb
73,mp-1219115,SmAlCu4,-0.2359507175,Sm
74,mp-1219691,PrAlCu4,-0.215528649166666,Pr
75,mp-1220197,NdAlCu4,-0.222214054583333,Nd
76,mp-1222921,LaAlCu4,-0.213989134166666,La
77,mp-1223972,HoAlCu4,-0.250995455,Ho
78,mp-1225584,ErAlCu4,-0.251428393333333,Er
79,mp-1225316,DyAlCu4,-0.249434761666666,Dy
80,mp-1226709,CeAlCu4,0.0829965325,Ce
81,mp-1078489,HoAlCu,-0.457323056666667,Ho
82,mp-1078592,ErAlCu,-0.463179307777777,Er
83,mp-1078692,PrAlCu,-0.361359958333333,Pr
84,mp-1078857,DyAlCu,-0.452915204444443,Dy
85,mp-1079357,TbAlCu,-0.446479814444444,Tb
86,mp-1079361,YAlCu,-0.457115257777777,Y
87,mp-1079868,CeAlCu,-0.323499095,Ce
88,mp-1080560,NdAlCu,-0.380198280277778,Nd
89,mp-1206090,YAlCu,0.119954193333333,Y
90,mp-1206815,PrAlCu,0.294612237222222,Pr
91,mp-979972,SmAlCu,-0.409722936111111,Sm
92,mp-865402,TmAlCu,-0.468521444444443,Tm
93,mp-1227275,Be4AlCu,-0.069325958333333,Be
94,mp-999079,Ti2AlCu,-0.056973969166667,Ti
95,mp-1066394,AlCuTe2,0.080519184166667,Te
96,mp-10887,HfAlCu2,-0.32856484,Hf
97,mp-1183151,AlZnCu2,-0.1542242525,Zn
98,mp-1183191,AlCuRh2,-0.5337715675,Rh
99,mp-1185509,LuAlCu2,-0.373984017499999,Lu
100,mp-16494,AlCrCu2,-9.58149999998881e-05,Cr
101,mp-16497,ScAlCu2,-0.412948688749999,Sc
102,mp-3574,MnAlCu2,-0.130849419482758,Mn
103,mp-3736,ZrAlCu2,-0.352965232499999,Zr
104,mp-4771,TiAlCu2,-0.305028373333333,Ti
105,mp-866296,AlCuPd2,-0.6230447400000001,Pd
106,mp-867272,LiAlCu2,-0.221278555833333,Li
107,mp-867306,AlCuAu2,-0.257723519999999,Au
108,mp-971985,TbAlCu2,-0.346615144999999,Tb
109,mp-972884,Sc2AlCu,-0.342765357499999,Sc
110,mp-1023484,Mg6AlCu,0.035828059375,Mg
111,mp-1023482,Mg6AlCu,0.035475043124999,Mg
112,mp-1028253,Mg14AlCu,0.015751215,Mg
113,mp-1217214,TiAlCu,-0.295323190277778,Ti
114,mp-1218074,TaAlCu,-0.223152584166667,Ta
115,mp-1218096,TaAlCu,-0.238064154166667,Ta
116,mp-1219356,ScAlCu,-0.413419398333332,Sc
117,mp-1220484,NbAlCu,-0.276355301666666,Nb
118,mp-1224481,HfAlCu,-0.332944006666667,Hf
119,mp-1222898,LaAlCu4,-0.280191650833333,La
120,mp-1226887,CeAlCu4,-0.248569115833333,Ce
121,mp-2647066,Zr2AlCu2,-0.29537122,Zr
122,mp-1095936,AlZnCu2,1.4313631324999991,Zn
123,mp-1096066,AlCuNi2,2.1741249875,Ni
124,mp-1096697,YAlCu2,2.013399400833334,Y
125,mp-1097150,AlCuRh2,2.4096864275,Rh
126,mp-1097203,Y2AlCu,2.380193941666667,Y
127,mp-1215318,ZrAlCu,-0.402913398333333,Zr
128,mp-1216551,TmAlCu,-0.395891338888888,Tm
129,mp-1217569,TbAlCu,-0.380211758333332,Tb
130,mp-1219108,SmAlCu,-0.350126368333333,Sm
131,mp-1225285,DyAlCu,-0.384949783333333,Dy
132,mp-1222329,LuAlCu,-0.397637648333333,Lu
133,mp-1221904,Mn2Al2Cu,-0.019522639172414,Mn
134,mp-1222208,Mg3(AlCu2)2,-0.217659052777777,Mg
135,mp-1221660,MnAl2Cu,-0.245842631982758,Mn
136,mp-1214869,Al2CuMo,-0.113702737499999,Mo
137,mp-973410,NdAl2Cu9,-0.196185781874999,Nd
138,mp-1206184,CeAl2Cu3,-0.2643871825,Ce
139,mp-1215019,Ca10Al2Cu19,-0.148904822473117,Ca
140,mp-1222214,Mg3(AlCu2)2,-0.213830375555555,Mg
141,mp-1183165,Al2CuPd,-0.5458936549999991,Pd
142,mp-1185307,LiAl2Cu,-0.186585685833333,Li
143,mp-3034,MgAl2Cu,-0.1824074,Mg
144,mp-1225549,LaAl2Cu3,-0.3848799575,La
145,mp-1226644,CeAl2Cu3,-0.364768135833333,Ce
146,mp-1079890,Al2CuIr,-0.6723480524999991,Ir
147,mp-1093789,Al2CuIr,1.97704049,Ir
148,mp-1093918,Al2CuPd,1.4517188575,Pd
149,mp-1093967,Al2CuRh,1.80231313,Rh
150,mp-1095860,Al2CuNi,1.7666505924999991,Ni
151,mp-1096521,Al2FeCu,2.058957525,Fe
152,mp-1096576,Al2CuTc,2.29427045875,Tc
153,mp-1251595,Al2CuPd,1.4504691875,Pd
154,mp-1228962,Al2Cu2Ni,-0.257308728999999,Ni
155,mp-1223301,La2Al3Cu7,-0.332890814166666,La
156,mp-1069375,NdAl3Cu,-0.471702887499999,Nd
157,mp-1069443,CeAl3Cu,-0.419651346999999,Ce
158,mp-1069825,PrAl3Cu,-0.471115847,Pr
159,mp-1070573,LaAl3Cu,-0.479689450999999,La
160,mp-1219105,SmAl3Cu,-0.465616024999999,Sm
161,mp-1224113,HoAl3Cu,-0.426971256,Ho
162,mp-1226654,CeAl3Cu,-0.337979112999999,Ce
163,mp-1228359,Ba5Al3Cu2,0.109208046999999,Ba
164,mp-1223820,Hf2Al3Cu,-0.444173343333333,Hf
165,mp-1225288,Dy2Al3Cu,-0.466199059999999,Dy
166,mp-1225048,Er2Al3Cu,-0.461161615,Er
167,mp-1025136,EuAl3Cu2,-0.375982673333333,Eu
168,mp-1208292,TbAl3Cu2,-0.433619539999999,Tb
169,mp-1211199,Li4(AlCu2)3,-0.195455340256409,Li
170,mp-1228126,Al5CuW2,-0.1447203375,W
171,mp-1228135,Al5CuMo2,-0.2757565375,Mo
172,mp-30178,Mg2Al5Cu6,-0.239672935384615,Mg
173,mp-1215338,ZrAl5Cu7,-0.291508606923076,Zr
174,mp-1219946,Pr2(AlCu)5,-0.335084583333333,Pr
175,mp-1228194,Al6CoCu3,-0.3016765265,Co
176,mp-1216210,Y(AlCu)6,-0.361441492051282,Y
177,mp-1216745,Tm(AlCu)6,-0.352041025128205,Tm
178,mp-1217839,Tb(AlCu)6,-0.359401642307692,Tb
179,mp-1222454,Lu(AlCu)6,-0.346517103076923,Lu
180,mp-1224046,Ho(AlCu)6,-0.349919726923076,Ho
181,mp-1225071,Er(AlCu)6,-0.347081413846154,Er
182,mp-1225665,Dy(AlCu)6,-0.352117671538461,Dy
183,mp-1214866,Al7Cu2Ru,-0.343190891749999,Ru
184,mp-1214887,Al7Cu2Rh,-0.3799960585,Rh
185,mp-17856,Al7CoCu2,-0.2782989985,Co
186,mp-4689,Al7FeCu2,-0.259595781,Fe
187,mp-10876,Ca3Al7Cu2,-0.330634350833333,Ca
188,mp-865990,Y3Al7Cu2,-0.5040530291666661,Y
189,mp-1193200,Zr6Al7Cu16,-0.353385487931034,Zr
190,mp-1193845,Ho6Al7Cu16,-0.373796742413792,Ho
191,mp-1193693,Er6Al7Cu16,-0.377079615517241,Er
192,mp-1194170,Dy6Al7Cu16,-0.368538632068966,Dy
193,mp-980195,Tm6Al7Cu16,-0.380281170344827,Tm
194,mp-1216017,YAl7Cu5,-0.344888082820512,Y
195,mp-1219937,Pr2Al7Cu,-0.393000512,Pr
196,mp-1223239,La2Al7Cu,-0.424427714,La
197,mp-1223260,La(Al5Cu)2,-0.201655462692307,La
198,mp-17017,Al12Co4Cu,-0.414710260392156,Co
199,mp-1185659,Mg16Al12Cu,-0.016372668620689,Mg
200,mp-1200279,Mg11(Al2Cu)6,-0.135666937241379,Mg
201,mp-1211217,Li6Al13Cu8,-0.200413861111111,Li
202,mp-1219899,Pr3(Al7Cu2)4,-0.217387396025641,Pr
203,mp-1211191,Mn6Al31Cu2,-0.164290564168876,Mn
204,mp-1228719,Al37(Fe6Cu)2,-0.325392666470587,Fe
205,mp-31403,Al39Fe7Cu24,-0.032104059999999,Fe
206,mp-1399,AlAu,-0.395538054999999,Au
207,mp-570987,Ce3Al,-0.163144223749999,Ce
208,mp-1228806,AlSb,-0.01691645,Sb
209,mp-1228956,AlAu4,-0.139186079999999,Au
210,mp-1228854,AlNi,-0.412180965,Ni
211,mp-2500,AlCu,-0.213427948,no_return
212,mp-1039141,MgAl,-0.000756169999999,Mg
213,mp-1953,TiAl,-0.406944531666667,Ti
214,mp-1228868,AlNi,-0.63205995,Ni
215,mp-771,MnAl,-0.272285743965517,Mn
216,mp-1079182,AlPt3,-0.6789906837499999,Pt
217,mp-1182870,AlPt3,-0.5083108818749991,Pt
218,mp-607111,AlPt3,-0.6925157781250001,Pt
219,mp-1228815,AlRe,-0.315779895,Re
220,mp-1193531,Ta2Al,-0.247719525333333,Ta
221,mp-18427,Nb2Al,-0.293137022,Nb
222,mp-639874,Ta2Al,-0.075956453000001,Ta
223,mp-1018179,AlAu2,-0.310165483333333,Au
224,mp-1018166,AlTc2,-0.414411723333334,Tc
225,mp-10909,AlRe2,-0.26289866,Re
226,mp-1094961,Mg3Al,0.016879582499999,Mg
227,mp-1183208,AlGa3,0.045143301875,Ga
228,mp-1183203,AlGe3,0.2509858387499999,Ge
229,mp-1183215,AlCd3,0.115321272499999,Cd
230,mp-1183278,AlPb3,0.156096375,Pb
231,mp-1184882,K3Al,0.307602825249999,K
232,mp-1699,AlCr2,-0.122767133333333,Cr
233,mp-975056,Rb3Al,0.359604484374999,Rb
234,mp-975868,Li3Al,-0.079682195,Li
235,mp-1080448,AlPt3,-0.6901009325,Pt
236,mp-12772,Hf2Al,-0.264554201666666,Hf
237,mp-12773,Zr2Al,-0.317844235,Zr
238,mp-1228988,AlAg3,-0.076234516999999,Ag
239,mp-669546,AlPd,-0.904822471153846,Pd
240,mp-1102672,Sr2Al,-0.008390130277777,Sr
241,mp-1025044,AlNi2,-0.50137597,Ni
242,mp-1038779,MgAl,0.05004994,Mg
243,mp-1228933,AlCo4,-0.029470304,Co
244,mp-1228947,AlAg4,0.012589764666666,Ag
245,mp-1018100,AlSb,-0.247203982499999,Sb
246,mp-1016271,Mg7Al,0.014808826249999,Mg
247,mp-1023506,Mg15Al,0.0114546687499999,Mg
248,mp-1039019,MgAl,0.038488384999999,Mg
249,mp-1185596,Mg149Al,-0.027234511333333,Mg
250,mp-1217072,Ti3Al,-0.125611385,Ti
251,mp-1217008,TiAl,-0.251485221666667,Ti
252,mp-1228901,AlAg,-0.039707393333332,Ag
253,mp-7760,AlSn,0.2070903175,Sn
254,mp-985578,AlFe,0.46102108,Fe
255,mp-985579,AlFe2,-0.141337556666666,Fe
256,mp-1079266,Pr3Al,-0.169245346249999,Pr
257,mp-1079240,LiAl,-0.091017606666666,Li
258,mp-1080098,Nd3Al,-0.175370411874999,Nd
259,mp-1080667,AlCo3,-0.205869547499999,Co
260,mp-1084828,La3Al,-0.2013915275,La
261,mp-1094970,Mg3Al,0.007273687499999,Mg
262,mp-1094664,MgAl,0.6022496175000001,Mg
263,mp-11220,Sc2Al,-0.350947593333333,Sc
264,mp-1183216,AlCu3,-0.1826915625,no_return
265,mp-1183188,AlTc3,-0.112510177499999,Tc
266,mp-1183223,AlAu3,-0.197910581249999,Au
267,mp-1183232,AlNi3,-0.421433699999999,Ni
268,mp-1183279,AlPb3,0.1969268475,Pb
269,mp-1183306,AlRh3,-0.472331354999999,Rh
270,mp-1184122,Dy3Al,-0.196290034999999,Dy
271,mp-1184670,Hf3Al,-0.221001815000001,Hf
272,mp-1187635,Tm3Al,-0.197983704999999,Tm
273,mp-1188018,Zr3Al,-0.2855272075,Zr
274,mp-1823,Ti3Al,-0.279156872499999,Ti
275,mp-21393,Ce3Al,-0.16436795625,Ce
276,mp-2557,Zr2Al,-0.358073766666667,Zr
277,mp-862259,Sc3Al,-0.268876513749999,Sc
278,mp-973266,Lu3Al,-0.198377041249999,Lu
279,mp-979266,Sm3Al,-0.184384634999999,Sm
280,mp-10904,AlPt,-1.042424303749999,Pt
281,mp-1490,AlAu4,-0.210942060499999,Au
282,mp-1182885,AlCu4,-0.1152589245,no_return
283,mp-27233,SrAl,-0.169321875208333,Sr
284,mp-7189,AlPd,-0.9140214899999992,Pd
285,mp-15621,AlSb,-0.138495921874999,Sb
286,mp-1008753,Ti2Al,0.5724899277777771,Ti
287,mp-1038818,MgAl,0.8880268200000001,Mg
288,mp-1018132,AlBi,0.090943279999999,Bi
289,mp-2624,AlSb,-0.25549792,Sb
290,mp-1008555,AlCu3,-0.1814938525,no_return
291,mp-1009839,TbAl,-0.391326504999999,Tb
292,mp-1038934,MgAl,0.06492299,Mg
293,mp-1022721,AlCu,-0.139366709999999,no_return
294,mp-1018101,AlCo3,-0.182936128749999,Co
295,mp-1061123,TiAl,-0.266048226666667,Ti
296,mp-10879,CeAl,-0.243864347499999,Ce
297,mp-10902,PrAl,-0.3356064525,Pr
298,mp-10903,AlPt,-0.931691824999999,Pt
299,mp-10889,La3Al,-0.1804172762499999,La
300,mp-10908,AlRe,-0.010417802500001,Re
301,mp-10871,AlAu,-0.243343154999999,Au
302,mp-11222,Sm3Al,-0.172885286249999,Sm
303,mp-11221,SmAl,-0.3698222925,Sm
304,mp-11226,Tb3Al,-0.183917055,Tb
305,mp-11229,YAl,-0.414905573333332,Y
306,mp-1183162,AlFe3,-0.198893174999999,Fe
307,mp-1183170,AlBi3,0.231929007499999,Bi
308,mp-1183143,AlPd3,-0.609834542499999,Pd
309,mp-1184060,Dy3Al,-0.185832909999999,Dy
310,mp-11843,DyAl,-0.391768139999999,Dy
311,mp-1184840,K3Al,0.323437977749999,K
312,mp-1185427,Lu3Al,-0.194178669999999,Lu
313,mp-12067,MnAl,-0.224589803965517,Mn
314,mp-12793,NdAl,-0.350256053749999,Nd
315,mp-1487,AlNi,-0.658839995,Ni
316,mp-1471,Zr3Al,-0.3023103925,Zr
317,mp-1885,AlIr,-0.95897769,Ir
318,mp-188,AlPt3,-0.680455552499999,Pt
319,mp-2093,Pr3Al,-0.160078226249999,Pr
320,mp-2413,Ce3Al,-0.160783316249999,Ce
321,mp-2658,AlFe,-0.326887014999999,Fe
322,mp-2593,AlNi3,-0.434095464999999,Ni
323,mp-30338,Y3Al,-0.185728435,Y
324,mp-284,AlCo,-0.611476527499999,Co
325,mp-364,AlRh,-1.088971894999999,Rh
326,mp-331,ScAl,-0.446748522499999,Sc
327,mp-542569,AlRu,-0.673470949999999,Ru
328,mp-829,AlPd,-0.8754367199999991,Pd
329,mp-875,AlOs,-0.400838405,Os
330,mp-975530,RbAl,0.6585364362499999,Rb
331,mp-976358,Nd3Al,-0.164401230624999,Nd
332,mp-978271,Mg3Al,-0.0007729625,Mg
333,mp-978498,Sc3Al,-0.2475604737499999,Sc
334,mp-1387,AlV3,-0.134243914999999,V
335,mp-259,AlMo3,-0.244098936250001,Mo
336,mp-796,Nb3Al,-0.173785791249999,Nb
337,mp-1039010,MgAl,0.44593492,Mg
338,mp-1094666,Mg3Al,0.048304697499999,Mg
339,mp-12777,AlCu3,-0.164553905,no_return
340,mp-2018,AlFe3,-0.197061949999999,Fe
341,mp-672232,AlNi3,-0.387186297499999,Ni
342,mp-973149,Mn3Al,-0.067146928448276,Mn
343,mp-974270,Na3Al,0.180173110086206,Na
344,mp-975052,Rb3Al,0.353391119374999,Rb
345,mp-999027,Ti3Al,-0.160474054999999,Ti
346,mp-1067,LiAl,-0.177638716666666,Li
347,mp-1208015,Tm4Al,0.525189673666667,Tm
348,mp-1207806,Y4Al,0.461816787666666,Y
349,mp-1209964,Nd4Al,0.461171335,Nd
350,mp-1208483,Sr4Al,0.325384822666666,Sr
351,mp-1209724,Pr4Al,0.452476809,Pr
352,mp-1208467,Tb4Al,0.504298796999999,Tb
353,mp-1208890,Sm4Al,0.482608676999999,Sm
354,mp-1209129,Sc4Al,0.52081285,Sc
355,mp-1210553,Lu4Al,0.5339541710000001,Lu
356,mp-1210792,Li2Al,0.165921979444444,Li
357,mp-1211397,La4Al,0.409842159,La
358,mp-1212293,Ho4Al,0.513178365,Ho
359,mp-1212928,Er4Al,0.515566591999999,Er
360,mp-1213330,Eu4Al,0.329401378,Eu
361,mp-1212899,Dy4Al,0.509238779999999,Dy
362,mp-1214044,Ca4Al,0.340177647,Ca
363,mp-1214528,Ba4Al,0.303417706,Ba
364,mp-31184,AlFe2,-0.104844841666666,Fe
365,mp-568171,Nd2Al,0.367232601666666,Nd
366,mp-1016233,Mg3Al,0.027685149999999,Mg
367,mp-1094987,MgAl,0.02938279,Mg
368,mp-16960,AlPt2,-0.852405863333332,Pt
369,mp-1188420,HoAl,-0.413957343125,Ho
370,mp-11225,TbAl,-0.416178166249999,Tb
371,mp-16721,TmAl,-0.407967587083333,Tm
372,mp-16507,LuAl,-0.400283709375,Lu
373,mp-1106232,PrAl,-0.38312375,Pr
374,mp-1188739,ErAl,-0.41187016625,Er
375,mp-433,DyAl,-0.415626045625,Dy
376,mp-864637,NdAl,-0.392604048749999,Nd
377,mp-978951,SmAl,-0.404682780625,Sm
378,mp-30550,AlAu2,-0.313113731333333,Au
379,mp-1189619,EuAl,-0.299375830000001,Eu
380,mp-12802,AlCu3,-0.18946324,no_return
381,mp-1079984,BaAl,-0.12189161,Ba
382,mp-1101848,Nd2Al,-0.242599095833333,Nd
383,mp-1102728,Dy2Al,-0.286962145,Dy
384,mp-1102875,Er2Al,-0.293178655833333,Er
385,mp-1103225,Pr2Al,-0.2334995425,Pr
386,mp-1103391,Tb2Al,-0.282195499166666,Tb
387,mp-1102344,Sm2Al,-0.258528963333333,Sm
388,mp-11230,Y2Al,-0.314701856944444,Y
389,mp-16526,AlPt2,-0.8535072008333321,Pt
390,mp-16502,Ho2Al,-0.291610600833333,Ho
391,mp-2824,AlPd2,-0.831161624999999,Pd
392,mp-605663,AlPd5,-0.462694889583333,Pd
393,mp-569558,AlAu2,-0.316635978333332,Au
394,mp-1023918,AlSb,-0.0677032125,Sb
395,mp-1079783,EuAl,-0.230316935,Eu
396,mp-11233,ZrAl,-0.47060683,Zr
397,mp-11228,YAl,-0.418346848333333,Y
398,mp-12684,LaAl,-0.411506941249999,La
399,mp-1210753,Li2Al,-0.162916835555555,Li
400,mp-20439,CeAl,-0.333597636249999,Ce
401,mp-249,HfAl,-0.401715024999999,Hf
402,mp-568417,PrAl,-0.386473395,Pr
403,mp-985805,AlAg2,-0.075476789444444,Ag
404,mp-999206,ScAl,-0.336121177499999,Sc
405,mp-1191737,LiAl,-0.030743919166666,Li
406,mp-1228001,AlV,-0.226768565,V
407,mp-1228813,AlV3,-0.0917320425,V
408,mp-1228927,AlAg3,0.014559217499999,Ag
409,mp-1228919,AlFe3,-0.086006559999999,Fe
410,mp-1220481,Nb4Al,-0.071427868,Nb
411,mp-1228923,AlCr2,0.019532906666667,Cr
412,mp-1228006,AlV2,-0.145357486666667,V
413,mp-1228952,AlFe4,-0.062807495999999,Fe
414,mp-9254,Al2Te5,-0.626241596190475,Te
415,mp-1229048,Al2Ni3,-0.541725183999999,Ni
416,mp-12794,Al2Cu,-0.023568226666666,no_return
417,mp-1071777,SrAl2,-0.248408020555555,Sr
418,mp-1039192,MgAl2,0.65889071,Mg
419,mp-1106135,Ho3Al2,-0.323555841,Ho
420,mp-16508,Lu3Al2,-0.326821398499999,Lu
421,mp-13470,Zr3Al2,-0.401928786999999,Zr
422,mp-16723,Y3Al2,-0.3545266135,Y
423,mp-31181,Er3Al2,-0.326449024499999,Er
424,mp-571624,Dy3Al2,-0.319053700499999,Dy
425,mp-8462,Hf3Al2,-0.3305630265,Hf
426,mp-980938,Tb3Al2,-0.314474481999999,Tb
427,mp-982635,Tm3Al2,-0.326938922999999,Tm
428,mp-1009834,Al2Ru,-0.6863959166666661,Ru
429,mp-7188,Al2Os,-0.5624389899999991,Os
430,mp-1182936,Al2Mo3,0.122783717499999,Mo
431,mp-1198386,Al2Mo3,0.064947825249998,Mo
432,mp-29502,Al2Te3,-0.704497783249999,Te
433,mp-998,Al2Cu,-0.165534698333332,no_return
434,mp-1102064,MgAl2,0.019649880833333,Mg
435,mp-567705,TiAl2,-0.431396311944445,Ti
436,mp-1247924,Al2Te3,-0.624834233999999,Te
437,mp-1206713,Al2Zn,0.007886123333333,Zn
438,mp-1222013,MgAl2,0.043863783333333,Mg
439,mp-16506,Li3Al2,-0.185178473999999,Li
440,mp-12524,Al2W,-0.035496665555555,W
441,mp-1094116,MgAl2,-0.021955624999999,Mg
442,mp-12657,HfAl2,-0.441859724999999,Hf
443,mp-2772,ZrAl2,-0.5378225949999991,Zr
444,mp-1204001,Sr3Al2,-0.068279268166666,Sr
445,mp-1206714,Al2Sn,0.315926898333333,Sn
446,mp-1502,Al2Pt,-0.8939596499999991,Pt
447,mp-16522,Al2Pd,-0.617258043333333,Pd
448,mp-2647,Al2Au,-0.423055363333333,Au
449,mp-985806,Al2Cu,-0.178066229999999,no_return
450,mp-1189,PrAl2,-0.490586763333333,Pr
451,mp-1208,ErAl2,-0.5069284766666671,Er
452,mp-1211134,LiAl2,0.240784096388888,Li
453,mp-1234,LuAl2,-0.48230172,Lu
454,mp-1638,SrAl2,-0.254259128888888,Sr
455,mp-20111,EuAl2,-0.388559458333334,Eu
456,mp-2088,CeAl2,-0.464180556666666,Ce
457,mp-2358,SmAl2,-0.5145879066666671,Sm
458,mp-2404,CaAl2,-0.332736406666666,Ca
459,mp-2322,YAl2,-0.531336720555555,Y
460,mp-2694,LaAl2,-0.5010386950000001,La
461,mp-400,NdAl2,-0.501927525833333,Nd
462,mp-391,HoAl2,-0.512162593333333,Ho
463,mp-551,BaAl2,-0.198847718333333,Ba
464,mp-858,TmAl2,-0.498939037222222,Tm
465,mp-803,DyAl2,-0.516831901666666,Dy
466,mp-756,TbAl2,-0.5204074349999991,Tb
467,mp-813,ScAl2,-0.486888724999999,Sc
468,mp-11809,TiAl2,-0.427094932777778,Ti
469,mp-10910,Al2Ru,-0.71883549,Ru
470,mp-22318,SrAl2,-0.260181793888888,Sr
471,mp-1228524,Al2Te3,-0.678117225999999,Te
472,mp-571247,Al3Mo,-0.321388892499999,Mo
473,mp-985825,Al3Cu,-0.089983822499999,no_return
474,mp-1038916,MgAl3,0.008559332499999,Mg
475,mp-1065309,ZrAl3,-0.462309084999999,Zr
476,mp-1070580,Al3Ru2,-0.7091591699999991,Ru
477,mp-1183175,Al3Pt,-0.440502077499999,Pt
478,mp-1183200,Al3Sn,0.163227461249999,Sn
479,mp-1183189,Al3Au,-0.113981889999999,Au
480,mp-1183195,Al3Ge,0.09748668375,Ge
481,mp-1183412,BeAl3,0.159580696249999,Be
482,mp-16521,Al3Os2,-0.49399393,Os
483,mp-1842,NbAl3,-0.4290308475,Nb
484,mp-2554,Al3V,-0.2888977125,V
485,mp-2614,HfAl3,-0.388516067499999,Hf
486,mp-31178,DyAl3,-0.2859237875,Dy
487,mp-542915,TiAl3,-0.398277793333333,Ti
488,mp-568718,HfAl3,-0.395298549999999,Hf
489,mp-395,ZrAl3,-0.487256679999999,Zr
490,mp-867347,Al3Tc,-0.3188017087499999,Tc
491,mp-867780,Al3Cr,-0.140382082499999,Cr
492,mp-869,TaAl3,-0.318990184999999,Ta
493,mp-975906,LiAl3,-0.080192740833333,Li
494,mp-976150,NaAl3,0.187913990862068,Na
495,mp-999204,ScAl3,-0.36174558125,Sc
496,mp-16724,Zr5Al3,-0.374173340625,Zr
497,mp-1208324,Ti2Al3,-0.097419489833333,Ti
498,mp-1210739,Mg2Al3,0.0939382755,Mg
499,mp-1057,Al3Ni2,-0.6132229100000001,Ni
500,mp-10886,Al3Cu2,-0.158314423999999,no_return
501,mp-1069983,Al3Ru2,-0.46673315,Ru
502,mp-1070275,Al3Tc2,-0.163676398,Tc
503,mp-10901,Al3Pd2,-0.773174239999999,Pd
504,mp-10905,Al3Pt2,-0.9943642419999992,Pt
505,mp-569916,Al3Pt2,-0.638499978999999,Pt
506,mp-1102065,HoAl3,-0.42381542,Ho
507,mp-1103088,DyAl3,-0.4291503175,Dy
508,mp-1106237,DyAl3,-0.423965018999999,Dy
509,mp-1189958,TbAl3,-0.431501632499999,Tb
510,mp-2451,YAl3,-0.435231682499999,Y
511,mp-369,TbAl3,-0.433471030833333,Tb
512,mp-898,HoAl3,-0.4204790395,Ho
513,mp-862656,ErAl3,-0.415662444999999,Er
514,mp-16480,Al3Au8,-0.266596081136363,Au
515,mp-1025223,Hf4Al3,-0.393848447142857,Hf
516,mp-12752,Zr4Al3,-0.460260891428571,Zr
517,mp-1178983,Ta5Al3,-0.1326153125,Ta
518,mp-1178742,Y5Al3,-0.295642332916666,Y
519,mp-2044,Zr5Al3,-0.354297694999999,Zr
520,mp-2361,Hf5Al3,-0.291669435624999,Hf
521,mp-1039119,MgAl3,0.017863721249999,Mg
522,mp-11232,YAl3,0.5090718695833331,Y
523,mp-1184171,ErAl3,-0.41124255,Er
524,mp-1184638,HoAl3,-0.420444703749999,Ho
525,mp-1188814,Al3Ru,-0.3869399812499999,Ru
526,mp-12553,PrAl3,-0.4380137087499999,Pr
527,mp-16513,NdAl3,-0.441897991874999,Nd
528,mp-2294,Al3Ir,-0.6646504875,Ir
529,mp-567305,CeAl3,-0.413092222499999,Ce
530,mp-569981,DyAl3,-0.427251796875,Dy
531,mp-864995,DyAl3,-0.428733504999999,Dy
532,mp-865527,YAl3,-0.437870131666666,Y
533,mp-867232,TbAl3,-0.435528192499999,Tb
534,mp-867870,SmAl3,-0.44249505875,Sm
535,mp-959,LaAl3,-0.441254787499999,La
536,mp-973539,LuAl3,-0.3810583625,Lu
537,mp-979040,TmAl3,-0.401484125416667,Tm
538,mp-984873,Al3Fe,-0.1540617575,Fe
539,mp-1190736,Ca8Al3,-0.154565662272727,Ca
540,mp-1180309,Mn2Al3,-0.245703806672413,Mn
541,mp-1007730,HfAl3,-0.372074742499999,Hf
542,mp-1008554,Al3V,-0.1503062475,V
543,mp-10890,LiAl3,-0.098997818333333,Li
544,mp-11231,YAl3,-0.424921549166666,Y
545,mp-1183127,Al3Pd,-0.345373472499999,Pd
546,mp-1183131,Al3Sn,0.15835386625,Sn
547,mp-1183130,Al3Ag,0.042954390833333,Ag
548,mp-1183161,Al3Cu,-0.037303837499999,no_return
549,mp-1183140,Al3Cd,0.1368252375,Cd
550,mp-1186098,NaAl3,0.166475473362068,Na
551,mp-1186855,TbAl3,-0.422380249999999,Tb
552,mp-1877,HoAl3,-0.4217426525,Ho
553,mp-2134,ErAl3,-0.419219385,Er
554,mp-2121,ScAl3,-0.454931161249999,Sc
555,mp-2805,LuAl3,-0.401428157499999,Lu
556,mp-569775,ZrAl3,-0.464341357499999,Zr
557,mp-570409,PrAl3,-0.349515778749999,Pr
558,mp-567589,DyAl3,-0.422938192499999,Dy
559,mp-768,TmAl3,-0.413781101666667,Tm
560,mp-983584,Al3Tl,0.284703616666666,Tl
561,mp-983585,Al3Zn,0.0249665425,Zn
562,mp-983594,Al3Ga,0.029597230624999,Ga
563,mp-998981,TiAl3,-0.373044165833333,Ti
564,mp-1200220,Al3Ir,-0.5663497353125,Ir
565,mp-1039180,MgAl3,0.0853126975,Mg
566,mp-1255847,NaAl3,0.223424970862069,Na
567,mp-1217027,TiAl3,-0.243075798333333,Ti
568,mp-1482,Zr2Al3,-0.521392979,Zr
569,mp-846,Hf2Al3,-0.426516108999999,Hf
570,mp-1501,Al3Pt5,-0.90776647,Pt
571,mp-16523,Al3Pd5,-0.851622005624999,Pd
572,mp-622209,Al3Ni,-0.40491590875,Ni
573,mp-16514,Al3Ni5,-0.56589156875,Ni
574,mp-1217804,Ta11Al4,-0.176019026333333,Ta
575,mp-568404,Li9Al4,-0.144831390769231,Li
576,mp-1228752,Al4Cu15,-0.097782415789474,no_return
577,mp-1228713,Al4Ni15,-0.275948701052631,Ni
578,mp-21109,LaAl4,-0.358735098999999,La
579,mp-1749,CaAl4,-0.194790404,Ca
580,mp-1891,SmAl4,-0.284237637,Sm
581,mp-1903,BaAl4,-0.24118154,Ba
582,mp-1834,NdAl4,-0.303265435499999,Nd
583,mp-2289,CeAl4,-0.295692313,Ce
584,mp-2336,PrAl4,-0.315034479,Pr
585,mp-2775,SrAl4,-0.232307223333333,Sr
586,mp-582799,EuAl4,-0.28790337,Eu
587,mp-570774,Zr5Al4,-0.418458028333333,Zr
588,mp-593,Al4Cu9,-0.208091329807692,no_return
589,mp-16515,Al4Ni3,-0.628430971249999,Ni
590,mp-1105076,CeAl4,-0.292564266333333,Ce
591,mp-1103934,PrAl4,-0.309908584333333,Pr
592,mp-1104765,LaAl4,-0.352900444333333,La
593,mp-1103952,NdAl4,-0.285416330166666,Nd
594,mp-1079897,SmAl4,-0.343142938,Sm
595,mp-1079618,TbAl4,-0.338675427999999,Tb
596,mp-1104047,Al4Tc,-0.372291479,Tc
597,mp-30180,Al4Mo,-0.251614200666667,Mo
598,mp-30336,Al4W,-0.152549276,W
599,mp-1217081,Ti3Al5,-0.397703329999999,Ti
600,mp-569049,Al5Mo,-0.240750198666666,Mo
601,mp-571053,Al5Mo,-0.238314249166666,Mo
602,mp-1190357,SmAl5,-0.2465990637499999,Sm
603,mp-568607,Al5Mo,-0.242578184166666,Mo
604,mp-30337,Al5W,-0.160767783333332,W
605,mp-1791,Al5Rh2,-0.7410118889285711,Rh
606,mp-196,Al5Co2,-0.460907081785714,Co
607,mp-261,Ba3Al5,-0.230206365624999,Ba
608,mp-2631,Ba4Al5,-0.221805648333333,Ba
609,mp-1192984,Al5Re24,-0.074954460344827,Re
610,mp-1217092,Ti3Al5,-0.409983089999999,Ti
611,mp-1190320,Al6Ge5,0.047548216363636,Ge
612,mp-16529,Al6Ru,-0.329376498571428,Ru
613,mp-173,MnAl6,-0.173697625418719,Mn
614,mp-16528,Al6Re,-0.205807019285714,Re
615,mp-16718,Al6Tc,-0.272191996428571,Tc
616,mp-570001,Al6Fe,-0.195844072142857,Fe
617,mp-1212183,Li7Al6,1.604037244358974,Li
618,mp-14506,Al7Te10,-0.682690508039215,Te
619,mp-11224,Sr8Al7,-0.184941370555555,Sr
620,mp-2733,Al8Mo3,-0.335747143636364,Mo
621,mp-1194040,Mn5Al8,-0.197021284204244,Mn
622,mp-19954,Al8Cr5,-0.05407364576923,Cr
623,mp-1193259,Al8Fe5,-0.280431573076923,Fe
624,mp-1214872,Al8V5,-0.203035119615384,V
625,mp-1228763,Al8V5,-0.221099892307692,V
626,mp-1191778,Al9Fe2,-0.234606300454544,Fe
627,mp-12003,Al9Ir2,-0.5249582263636361,Ir
628,mp-16488,Al9Co2,-0.331883324545454,Co
629,mp-1645,Al9Rh2,-0.5025592468181811,Rh
630,mp-1109,Sr5Al9,-0.266728567380952,Sr
631,mp-1212295,Mn4Al9,-0.232684120837754,Mn
632,mp-570400,Ba7Al10,-0.23075273117647,Ba
633,mp-16511,Mn3Al10,-0.237700680291778,Mn
634,mp-16722,Al10V,-0.092966437727273,V
635,mp-1214894,Al11Cr4,-0.137089865333333,Cr
636,mp-1214889,Al11Re4,-0.341599267999999,Re
637,mp-2856,Mn4Al11,-0.27699086678161,Mn
638,mp-1104100,Nd3Al11,-0.377115985892857,Nd
639,mp-1103785,Pr3Al11,-0.376968129642857,Pr
640,mp-1104395,Sm3Al11,-0.370075979642857,Sm
641,mp-1213865,Ce3Al11,-0.355071284642857,Ce
642,mp-16505,La3Al11,-0.399920166071428,La
643,mp-1094700,Mg18Al11,-0.015388856206896,Mg
644,mp-1217111,Ti5Al11,-0.405524536666666,Ti
645,mp-1214901,Al12Fe7,-0.313315438421052,Fe
646,mp-1104165,MnAl12,-0.098835739071618,Mn
647,mp-11227,Al12W,-0.080955973076922,W
648,mp-1648,Al12Re,-0.14340006576923,Re
649,mp-16719,Al12Tc,-0.175107461923076,Tc
650,mp-550,Al12Mo,-0.119413559999999,Mo
651,mp-1198296,Al12Ru,-0.044860972115385,Ru
652,mp-1194073,Ta17Al12,-0.142290077931035,Ta
653,mp-2151,Mg17Al12,-0.027029285862069,Mg
654,mp-1202900,Al13Fe4,-0.326749755294117,Fe
655,mp-1203489,Al13Rh4,-0.6029117782352941,Rh
656,mp-17880,Al13Ru4,-0.5366187254901951,Ru
657,mp-567929,Al13Os4,-0.443800450588235,Os
658,mp-1094692,Mg16Al13,-0.018718293448275,Mg
659,mp-1952,Ba7Al13,-0.217451488499999,Ba
660,mp-568683,La16Al13,-0.363275798275862,La
661,mp-1094683,Mg16Al13,-0.015890167931034,Mg
662,mp-1198336,Al13Co4,-0.386044984803921,Co
663,mp-30751,Al13Co4,-0.38753007617647,Co
664,mp-1094685,Mg16Al13,-0.022345032413793,Mg
665,mp-1193055,Ca13Al14,-0.259868293333333,Ca
666,mp-12766,Mg13Al14,0.064058191481481,Mg
667,mp-1194114,Mg13Al16,0.019929784137931,Mg
668,mp-570651,Al17Mo4,-0.262149226190476,Mo
669,mp-1198587,Dy2Al17,-0.09438391368421,Dy
670,mp-1201145,Er2Al17,-0.082018179210526,Er
671,mp-1202952,Tb2Al17,-0.099955136842105,Tb
672,mp-1215090,Al19Co6,-0.390196668,Co
673,mp-1208546,Ta24Al19,-0.26544690627907,Ta
674,mp-30526,Mn4Al19,-0.185746877031484,Mn
675,mp-1215027,Al21Pt5,-0.225062677211537,Pt
676,mp-1982,Al21Pt8,-0.7565431629310331,Pt
677,mp-1498,Al21Pd8,-0.559393804827585,Pd
678,mp-568153,Al22Mo5,-0.259107567407407,Mo
679,mp-1217883,Ta13Al23,-0.247699524259259,Ta
680,mp-30335,Al23V4,-0.166800464814815,V
681,mp-1215157,Al27V,1.045134458928571,V
682,mp-17659,Mg23Al30,-0.023268360566037,Mg
683,mp-567701,Ba21Al40,-0.243331176065573,Ba
684,mp-1229052,Al41V4,-0.089861668666666,V
685,mp-31019,Al45Cr7,-0.116625121538461,Cr
686,mp-567919,Al45V7,-0.152574891153846,V
687,mp-568106,Mg41Al67,0.028815528425925,Mg
688,mp-1067210,ZrCu,-0.1250487375,Zr
689,mp-30471,CaCu,-0.142900859499999,Ca
690,mp-1077372,Zr2Cu,-0.075638541666666,Zr
691,mp-11359,Ga2Cu,-0.084178234999999,Ga
692,mp-522,CuAu,-0.048137495,Au
693,mp-2078,TiCu,-0.135805391666666,Ti
694,mp-1183752,Co3Cu,0.11858711625,Co
695,mp-1184018,CuAu3,-0.012307605,Au
696,mp-1183872,Ce3Cu,0.100618386249999,Ce
697,mp-1184185,CuPb3,0.2609767325,Pb
698,mp-1184054,CuNi3,0.0319354175,Ni
699,mp-1184119,CuPd3,-0.066066832499999,Pd
700,mp-1184132,CuSn3,0.23410422875,Sn
701,mp-1184121,CuRu3,0.274872782500001,Ru
702,mp-1184311,Fe3Cu,0.132274887500001,Fe
703,mp-1184183,CuGe3,0.32294791875,Ge
704,mp-1186036,Na3Cu,0.223885345086206,Na
705,mp-1186272,Nd3Cu,0.152919031875,Nd
706,mp-1187227,Ta3Cu,0.1649428175,Ta
707,mp-1187546,Tl3Cu,0.28996938,Tl
708,mp-1187753,V3Cu,0.147733957499999,V
709,mp-193,Zr2Cu,-0.13412213,Zr
710,mp-1978391,CuTe,-0.165945898333333,Te
711,mp-30581,Hf2Cu,-0.159939316666665,Hf
712,mp-742,Ti2Cu,-0.117663718888889,Ti
713,mp-975642,Pr3Cu,0.15724324625,Pr
714,mp-975882,Li3Cu,0.0103718275,Li
715,mp-1072518,In2Cu,0.136132275,In
716,mp-1052023,Mg2Cu,-0.102933371666666,Mg
717,mp-1227357,Be3Cu,-0.104867697916667,Be
718,mp-1207193,CuTe2,-0.282120174444443,Te
719,mp-1221725,Mn4Cu,0.135450011655171,Mn
720,mp-1225704,CuRh,0.07331566,Rh
721,mp-1225742,CuAu4,0.012961133999999,Au
722,mp-1225677,CuAu,0.024034949999999,Au
723,mp-1225687,CuNi,0.018480729999999,Ni
724,mp-1225701,CuPd,-0.092139845,Pd
725,mp-644311,CuPt,-0.159299749999999,Pt
726,mp-1016285,Mg7Cu,0.02700112625,Mg
727,mp-1023610,Mg15Cu,0.02011401625,Mg
728,mp-1184069,CuNi,0.029275604999999,Ni
729,mp-976292,NaCu,0.389966921724138,Na
730,mp-1185803,Mg5Cu,0.019476783333333,Mg
731,mp-1018053,InCu,0.06061678,In
732,mp-1018730,In2Cu,0.183828893333333,In
733,mp-1025402,SrCu,-0.105598024583333,Sr
734,mp-1025440,CuGe3,0.30572333125,Ge
735,mp-10598,CuSn,-0.0233113075,Sn
736,mp-1184004,CuAu3,-0.008191705,Au
737,mp-1184147,CuGe3,0.3281736575,Ge
738,mp-1184173,CuSn3,0.225944682499999,Sn
739,mp-30428,BaCu,-0.073521855,Ba
740,mp-569792,CuBi,0.1101925375,Bi
741,mp-972042,Zn3Cu,-0.080879762499999,Zn
742,mp-974023,In3Cu,0.176433854999999,In
743,mp-984351,CuAg3,0.085707807499999,Ag
744,mp-1103235,CuTe2,-0.281230152777777,Te
745,mp-1006330,Ce3Cu,0.14706295625,Ce
746,mp-1018029,CuPd,-0.12332372,Pd
747,mp-11365,Ti3Cu,0.0207964575,Ti
748,mp-11364,TiCu,-0.053135791666666,Ti
749,mp-1169,ScCu,-0.2807952775,Sc
750,mp-1184128,CuPb3,0.254686595,Pb
751,mp-1184480,In3Cu,0.1903226225,In
752,mp-1184878,K3Cu,0.338926752749999,K
753,mp-1187104,Sr3Cu,0.2456614825,Sr
754,mp-1187519,Tl3Cu,0.2863943025,Tl
755,mp-12586,SmCu,-0.179424707499999,Sm
756,mp-1837,TbCu,-0.239105545,Tb
757,mp-1955,ErCu,-0.273225609999999,Er
758,mp-1971,HoCu,-0.266779905,Ho
759,mp-2103,CuAu3,-0.0176342475,Au
760,mp-2210,ZrCu,-0.10770546,Zr
761,mp-2323,BeCu,-0.1002443075,Be
762,mp-2334,DyCu,-0.24823224,Dy
763,mp-2672345,MgCu,-0.0933438975,Mg
764,mp-580287,Zr3Cu,0.032930704999999,Zr
765,mp-712,YCu,-0.244927178333333,Y
766,mp-639675,EuCu,-0.079987575,Eu
767,mp-984711,Cr3Cu,0.2938468025,Cr
768,mp-984518,Ga3Cu,0.059151421875,Ga
769,mp-985,TmCu,-0.293495948333332,Tm
770,mp-987,ZnCu,-0.090755029999999,Zn
771,mp-1183404,Be3Cu,-0.042210671249999,Be
772,mp-1184260,Fe3Cu,0.180963685,Fe
773,mp-1186214,Nb3Cu,0.171096255,Nb
774,mp-12608,CuPt7,-0.043678072499999,Pt
775,mp-979283,V3Cu,0.15853136,V
776,mp-1192264,Ti2Cu,-0.025063773055555,Ti
777,mp-1210855,Mg4Cu,0.341209278999999,Mg
778,mp-2031,Be2Cu,-0.1403742,Be
779,mp-583800,Zr2Cu,-0.06481384875,Zr
780,mp-1016224,Mg3Cu,0.039880389999999,Mg
781,mp-978279,Mg3Cu,-0.0071817775,Mg
782,mp-972916,MgCu,-0.0893341775,Mg
783,mp-1181516,CuTe,0.533576026666666,Te
784,mp-1238498,CuTe,-0.164560408333333,Te
785,mp-20826,CuTe,-0.276979040833333,Te
786,mp-623012,CuTe,-0.175755268333333,Te
787,mp-1078920,LaCu,-0.1684201275,La
788,mp-1079091,PrCu,-0.151760862499999,Pr
789,mp-1087547,EuCu,-0.1516924362499999,Eu
790,mp-1080443,YCu,-0.258562188333333,Y
791,mp-1102243,Eu2Cu,-0.110337945833332,Eu
792,mp-12614,Ca2Cu,-0.111275044999999,Ca
793,mp-13392,NdCu,-0.182830984999999,Nd
794,mp-636198,CeCu,-0.031143071249999,Ce
795,mp-585949,CaCu,-0.143697949999999,Ca
796,mp-980769,SmCu,-0.2080711037499999,Sm
797,mp-1215483,Zn3Cu,0.0010511375,Zn
798,mp-1213433,CuPt3,2.4126323825,Pt
799,mp-1215462,ZnCu,-0.052447234999999,Zn
800,mp-1225656,CuPd,-0.035561989999999,Pd
801,mp-1225131,Fe3Cu,0.0704012325,Fe
802,mp-1224945,FeCu,0.171830349999999,Fe
803,mp-1225694,CuNi3,0.09215838,Ni
804,mp-1225695,CuNi,0.064862519999999,Ni
805,mp-2481,Mg2Cu,-0.105952447499999,Mg
806,mp-2479851,Mg3Cu,-0.011553945,Mg
807,mp-865014,Mg2Cu,-0.101323169999999,Mg
808,mp-582681,CuAu,-0.0390334805,Au
809,mp-1080022,ZrCu,-0.1274346912499999,Zr
810,mp-1825,Cu2Sb,-0.040752015,Sb
811,mp-1018149,ScCu2,-0.259519848333333,Sc
812,mp-1215401,ZnCu2,-0.03288788,Zn
813,mp-2051,LaCu2,-0.215722004999999,La
814,mp-1861,Cu2Te,-0.046860447222221,Te
815,mp-2281971,GaCu2,0.022086177499999,Ga
816,mp-1102436,YCu2,-0.187613113055556,Y
817,mp-12118,InCu2,0.098829091666666,In
818,mp-16775,CdCu2,0.017377659999999,Cd
819,mp-30696,Cd5Cu2,0.021543928928571,Cd
820,mp-568315,CdCu2,0.007431779583333,Cd
821,mp-1077241,YCu2,-0.154954478888889,Y
822,mp-1038,MgCu2,-0.14264226,Mg
823,mp-1208489,Ti5Cu2,0.093102680833333,Ti
824,mp-1072655,ZrCu2,-0.117626063333333,Zr
825,mp-1077023,TiCu2,-0.099925222777777,Ti
826,mp-1025122,LuCu2,-0.294291884999999,Lu
827,mp-1024991,ErCu2,-0.283235004999999,Er
828,mp-1071732,EuCu2,-0.138538056666667,Eu
829,mp-1077209,TmCu2,-0.288868892222221,Tm
830,mp-1077154,SmCu2,-0.231645531666666,Sm
831,mp-1071835,DyCu2,-0.27000991,Dy
832,mp-1071904,PrCu2,-0.193002823333333,Pr
833,mp-1077001,GaCu2,0.022161440833333,Ga
834,mp-1527,TbCu2,-0.264680245,Tb
835,mp-11852,NdCu2,-0.202477340833333,Nd
836,mp-30584,HoCu2,-0.278018984999999,Ho
837,mp-2698,YCu2,-0.261058998888889,Y
838,mp-2801,CeCu2,-0.174922688333333,Ce
839,mp-1225751,Cu3Pd2,-0.106252197,Pd
840,mp-672265,Cu3Pd,-0.104535611785713,Pd
841,mp-622570,Ti2Cu3,-0.120332537333333,Ti
842,mp-1184001,GaCu3,-0.0910127243749999,Ga
843,mp-1184011,Cu3Ag,0.090374920833333,Ag
844,mp-1184028,Cu3Rh,0.0407714275,Rh
845,mp-1184704,HfCu3,-0.089767235,Hf
846,mp-1185856,MgCu3,-0.05318476,Mg
847,mp-30599,Ti2Cu3,-0.074288567333333,Ti
848,mp-862658,LiCu3,-0.034678723333333,Li
849,mp-973092,ScCu3,-0.164098071249999,Sc
850,mp-982381,NaCu3,0.315869848362068,Na
851,mp-1215529,ZnCu3,-0.020386817499999,Zn
852,mp-1215518,ZnCu3,-0.021427164999999,Zn
853,mp-1225745,Cu3Ge,0.135223493749999,Ge
854,mp-1225736,Cu3Sb,0.291255647499999,Sb
855,mp-1184026,Cu3Ru,0.27275331625,Ru
856,mp-1184021,Cu3Ge,-0.00259419625,Ge
857,mp-1184027,Cu3Rh,0.045870625,Rh
858,mp-1184444,FeCu3,0.1812508,Fe
859,mp-1184858,InCu3,0.019281557499999,In
860,mp-1185338,LiCu3,-0.028107508333333,Li
861,mp-1188040,ZrCu3,-0.0777720325,Zr
862,mp-13138,Cu3Sn,0.000245715,Sn
863,mp-865798,GaCu3,-0.093003899375,Ga
864,mp-974747,MnCu3,0.092749218017241,Mn
865,mp-1183623,CdCu3,0.080076639999999,Cd
866,mp-1183984,Cu3Te,0.041480073333333,Te
867,mp-1183969,Cu3Sb,0.0359746825,Sb
868,mp-1183995,GaCu3,-0.094686104375,Ga
869,mp-1185312,LiCu3,-0.032881125833333,Li
870,mp-1185666,NaCu3,0.326066408362069,Na
871,mp-12086,Cu3Pt,-0.1389252025,Pt
872,mp-2258,Cu3Au,-0.0365642525,Au
873,mp-580357,Cu3Pd,-0.1049277225,Pd
874,mp-1183970,Cu3W,0.440531807499999,W
875,mp-2002,Cu3Sb,0.1324821775,Sb
876,mp-865176,HfCu3,-0.0882649625,Hf
877,mp-838,Cu3Sn,0.06191750625,Sn
878,mp-973100,ScCu3,-0.155453583749999,Sc
879,mp-974058,LiCu3,-0.017561490833333,Li
880,mp-12546,TiCu3,-0.093249992083333,Ti
881,mp-19724,Cu3Ge,-0.00570696125,Ge
882,mp-20900,Cu3Sb,0.032438074999999,Sb
883,mp-581786,Cu3Sn,0.0065367675,Sn
884,mp-1195862,Cu3Sn,0.015201129249999,Sn
885,mp-1190402,Y2Cu3,0.346415725333332,Y
886,mp-1224953,FeCu3,0.1055122575,Fe
887,mp-1225698,Cu3Ni,0.05050907,Ni
888,mp-680639,Cu3Pd,-0.103516268214284,Pd
889,mp-1225676,Cu3Te2,-0.201829540666666,Te
890,mp-30589,LaCu4,-0.159054863666666,La
891,mp-2643,Ti3Cu4,-0.125827755714285,Ti
892,mp-1224977,FeCu4,0.061598886,Fe
893,mp-1224832,GaCu4,0.0257941005,Ga
894,mp-1225761,Cu4Au,0.064797944,Au
895,mp-1188441,TiCu4,-0.085030222166666,Ti
896,mp-30594,Cu4Pd,-0.069702432499999,Pd
897,mp-845,Cu5Sn4,-0.009663447499999,Sn
898,mp-1185860,MgCu5,-0.02255808,Mg
899,mp-1225769,Cu5Ge2,0.068435544285714,Ge
900,mp-1225722,Cu5Ge2,0.065521085714286,Ge
901,mp-11363,TbCu5,-0.188971284999999,Tb
902,mp-1140,NdCu5,-0.157984502916666,Nd
903,mp-1225307,DyCu5,-0.190929456666665,Dy
904,mp-2066,EuCu5,-0.112833613333332,Eu
905,mp-1882,CaCu5,-0.122014281666666,Ca
906,mp-227,SmCu5,-0.174724834166666,Sm
907,mp-2797,YCu5,-0.19024842611111,Y
908,mp-30585,HoCu5,-0.198243963333333,Ho
909,mp-2613,LaCu5,-0.149118380833333,La
910,mp-2462,PrCu5,-0.148226974166666,Pr
911,mp-2726,SrCu5,-0.062739924444443,Sr
912,mp-761,CeCu5,-0.102931287499999,Ce
913,mp-1077262,TbCu5,-0.182397896666666,Tb
914,mp-30579,ErCu5,-0.195051033333333,Er
915,mp-30600,TmCu5,-0.198965134444444,Tm
916,mp-30603,ZrCu5,-0.116453031666666,Zr
917,mp-30578,DyCu5,-0.186484808333332,Dy
918,mp-580136,LuCu5,-0.203247829999999,Lu
919,mp-580364,HoCu5,-0.191245859999999,Ho
920,mp-1368,Zn8Cu5,-0.108454114615384,Zn
921,mp-568524,Cu5Sn4,-0.005734204814814,Sn
922,mp-1945,NdCu6,-0.132911943928571,Nd
923,mp-30590,LaCu6,-0.129068567857142,La
924,mp-567201,PrCu6,-0.124313321785714,Pr
925,mp-581942,CeCu6,-0.111637177499999,Ce
926,mp-1233,Cu6Sn5,-0.013133868636363,Sn
927,mp-1193079,NdCu6,-0.133660978928571,Nd
928,mp-21708,CeCu6,-0.111489639285714,Ce
929,mp-30698,PrCu6,-0.124608870714286,Pr
930,mp-30699,SmCu6,-0.144288985714286,Sm
931,mp-636256,LaCu6,-0.128673366785714,La
932,mp-624307,Cu7Te4,-0.055537619696969,Te
933,mp-21985,In3Cu7,-0.006532676,In
934,mp-1225716,DyCu7,-0.095156611249999,Dy
935,mp-1195821,Zr3Cu8,-0.167075955909091,Zr
936,mp-7353,Hf3Cu8,-0.16653073840909,Hf
937,mp-1197621,Ga4Cu9,-0.108095099230769,Ga
938,mp-683917,In4Cu9,0.016868568461538,In
939,mp-646039,In7Cu10,0.001120253823529,In
940,mp-569339,Cu10Sn3,0.192897982692307,Sn
941,mp-568495,Cu10Sn3,0.011188738461538,Sn
942,mp-2004,Cu10Sb3,0.021707330769231,Sb
943,mp-30597,Cu10Sn3,0.015241075,Sn
944,mp-1188077,Zr7Cu10,-0.15831454,Zr
945,mp-1200988,Hf7Cu10,-0.17838130117647,Hf
946,mp-1188928,In9Cu11,0.010057,In
947,mp-1224313,In9Cu11,0.019824085,In
948,mp-30596,Cu11Sb3,0.014994271428572,Sb
949,mp-1194443,LaCu13,-0.069081014999999,La
950,mp-642,BaCu13,-0.0075211775,Ba
951,mp-1216020,Zn35Cu17,-0.10122845576923,Zn
952,mp-1225980,Cu19Sn16,-0.004920451428571,Sn
953,mp-1192934,Tb6Cu23,-0.187521186206896,Tb
954,mp-1193217,Lu6Cu23,-0.215413742758619,Lu
955,mp-1194041,Dy6Cu23,-0.195359104827585,Dy
956,mp-1213530,Cu41Sn11,0.017579792884615,Sn
957,mp-1216441,Zr14Cu51,-0.163133800461538,Zr
958,mp-1224756,Hf14Cu51,-0.155761783538461,Hf
959,mp-1227576,Cu81Sn22,0.016241340388349,Sn
960,mp-989737,Ag,0.0,Ag
961,mp-10597,Ag,0.007541153333333,Ag
962,mp-8566,Ag,0.007226485833333,Ag
963,mp-124,Ag,0.003609163333333,Ag
964,mp-2646971,Ag,0.034337163333333,Ag
965,mp-1244953,Al,0.0957236282,no_return
966,mp-1245067,Al,0.1143086865,no_return
967,mp-1245129,Al,0.0947504108,no_return
968,mp-1245152,Al,0.1020815508,no_return
969,mp-1245307,Al,0.1075495411,no_return
970,mp-1239196,Al,0.302125532499999,no_return
971,mp-1183144,Al,0.011445972499999,no_return
972,mp-2647008,Al,0.032078224999999,no_return
973,mp-134,Al,0.0,no_return
974,mp-998860,Al,0.09244398,no_return
975,mp-1238808,Au,0.118381499999999,Au
976,mp-1008634,Au,0.0053010999999999,Au
977,mp-81,Au,0.0,Au
978,mp-2647062,Au,0.021884699999999,Au
979,mp-1977763,Ba,0.359213239999999,Ba
980,mp-570384,Ba,0.1302275475,Ba
981,mp-1008283,Ba,0.727831655,Ba
982,mp-605790,Ba,0.17547373,Ba
983,mp-56,Ba,0.015972544999999,Ba
984,mp-639747,Ba,0.296068739999999,Ba
985,mp-10679,Ba,0.01299892,Ba
986,mp-122,Ba,0.0,Ba
987,mp-1058581,Ba,0.018660005,Ba
988,mp-1096835,Ba,0.513503127499999,Ba
989,mp-1096840,Ba,7.525500000005181e-05,Ba
990,mp-1008501,Be,0.050546004999999,Be
991,mp-87,Be,0.0,Be
992,mp-20,Be,0.095670044999999,Be
993,mp-1067758,Bi,0.085859414999999,Bi
994,mp-1182070,Bi,0.0580953575,Bi
995,mp-567379,Bi,0.062386567499999,Bi
996,mp-1182248,Bi,1.077316885,Bi
997,mp-23157,Bi,0.050300224999999,Bi
998,mp-568714,Bi,1.16658902,Bi
999,mp-568087,Bi,0.2149162999999999,Bi
1000,mp-23152,Bi,0.0,Bi
1001,mp-567597,Bi,0.049545179999999,Bi
1002,mp-568610,Bi,0.139355399999999,Bi
1003,mp-1096851,Bi,0.09904825,Bi
1004,mp-569358,Bi,0.5993978950000001,Bi
1005,mp-1078637,Bi,0.100849827499999,Bi
1006,mp-1227541,Ca,0.97291149,Ca
1007,mp-1183455,Ca,0.01307168,Ca
1008,mp-166,Ca,0.02121779,Ca
1009,mp-1008498,Ca,0.1649100175,Ca
1010,mp-1183484,Ca,0.0063997075,Ca
1011,mp-132,Ca,0.005909895,Ca
1012,mp-10683,Ca,0.3996134999999999,Ca
1013,mp-45,Ca,0.0,Ca
1014,mp-21,Ca,0.02354205,Ca
1015,mp-1064227,Ca,0.007139435,Ca
1016,mp-1067285,Ca,0.27683042,Ca
1017,mp-1078638,Ca,0.0191520012499999,Ca
1018,mp-1183542,Cd,0.0181589999999999,Cd
1019,mp-1183591,Cd,0.034457762499999,Cd
1020,mp-94,Cd,0.01360791,Cd
1021,mp-1096861,Cd,0.0,Cd
1022,mp-2647135,Cd,0.06530916,Cd
1023,mp-567332,Ce,0.0,Ce
1024,mp-20372,Ce,0.0428389375,Ce
1025,mp-20736,Ce,0.08141346,Ce
1026,mp-28,Ce,0.001560065,Ce
1027,mp-10024,Ce,0.228250404999999,Ce
1028,mp-64,Ce,0.039662235,Ce
1029,mp-1193227,Co,0.1263407975,Co
1030,mp-1271142,Co,0.010144927499999,Co
1031,mp-669382,Co,0.117662390869565,Co
1032,mp-1183710,Co,0.005447494999999,Co
1033,mp-54,Co,0.0,Co
1034,mp-102,Co,0.016113994999999,Co
1035,mp-1072089,Co,0.199326275,Co
1036,mp-2647057,Co,0.089565734999999,Co
1037,mp-1192789,Cr,0.263578245000001,Cr
1038,mp-89,Cr,0.420340105000001,Cr
1039,mp-17,Cr,0.0811284825,Cr
1040,mp-8633,Cr,0.402526340000001,Cr
1041,mp-90,Cr,0.0,Cr
1042,mp-1059289,Cr,0.335908380000001,Cr
1043,mp-1056079,Cu,1.982934489999999,no_return
1044,mp-1010136,Cu,0.03570836,no_return
1045,mp-1120774,Cu,0.159116794999999,no_return
1046,mp-989695,Cu,0.005766085,no_return
1047,mp-989782,Cu,0.007491824999999,no_return
1048,mp-30,Cu,0.0,no_return
1049,mp-998890,Cu,0.03664002,no_return
1050,mp-1059259,Cu,0.142905724999999,no_return
1051,mp-10658,Dy,0.0,Dy
1052,mp-1184067,Dy,0.004164762499999,Dy
1053,mp-88,Dy,0.01737577,Dy
1054,mp-10750,Dy,0.021323329999999,Dy
1055,mp-10751,Dy,0.146815949999999,Dy
1056,mp-1184115,Er,0.0,Er
1057,mp-1184113,Er,0.00785005,Er
1058,mp-99,Er,0.00667915,Er
1059,mp-10752,Er,0.026915709999999,Er
1060,mp-10753,Er,0.142881319999999,Er
1061,mp-1077457,Eu,0.087846783333333,Eu
1062,mp-1184367,Eu,0.004487059999998,Eu
1063,mp-21462,Eu,0.010549655,Eu
1064,mp-623532,Eu,0.0,Eu
1065,mp-20071,Eu,0.048299499999998,Eu
1066,mp-1057315,Eu,0.015575354999999,Eu
1067,mp-1245108,Fe,0.279455497300001,Fe
1068,mp-1194030,Fe,0.17528872,Fe
1069,mp-1271068,Fe,0.017069855,Fe
1070,mp-1271128,Fe,0.099134600000001,Fe
1071,mp-1096950,Fe,0.476699420000001,Fe
1072,mp-136,Fe,0.09780592,Fe
1073,mp-568345,Fe,0.76141216,Fe
1074,mp-150,Fe,0.148364500000001,Fe
1075,mp-13,Fe,0.0,Fe
1076,mp-1271198,Fe,0.054992034999999,Fe
1077,mp-140,Ga,0.0241731725,Ga
1078,mp-569007,Ga,0.034063837045454,Ga
1079,mp-569423,Ga,0.011342974166667,Ga
1080,mp-10021,Ga,0.0152742975,Ga
1081,mp-1067880,Ga,0.004823265,Ga
1082,mp-567540,Ga,0.011682432,Ga
1083,mp-1007857,Ga,0.015393375,Ga
1084,mp-142,Ga,0.0,Ga
1085,mp-78,Ge,0.229719134999999,Ge
1086,mp-128,Ge,0.1475858025,Ge
1087,mp-1067619,Ge,0.476145725,Ge
1088,mp-1007760,Ge,0.0217468925,Ge
1089,mp-1008733,Ge,0.331137615,Ge
1090,mp-1091415,Ge,0.0137076875,Ge
1091,mp-1080106,Ge,0.145596273749999,Ge
1092,mp-12093,Ge,0.334029505,Ge
1093,mp-1197020,Ge,0.326883863529412,Ge
1094,mp-1198022,Ge,0.024868935588235,Ge
1095,mp-32,Ge,0.0,Ge
1096,mp-998883,Ge,0.339489805,Ge
1097,mp-1079020,Ge,0.313740758749999,Ge
1098,mp-1224349,Ge,0.251753895,Ge
1099,mp-148,Ge,0.243109495,Ge
1100,mp-1061054,Ge,0.23597901,Ge
1101,mp-137,Ge,0.149389906666667,Ge
1102,mp-1009460,Hf,0.045170049999999,Hf
1103,mp-103,Hf,0.0,Hf
1104,mp-8640,Hf,0.072408389999999,Hf
1105,mp-100,Hf,0.176154999999999,Hf
1106,mp-10659,Ho,0.0,Ho
1107,mp-144,Ho,0.010333959999999,Ho
1108,mp-973986,Ho,0.005437699999999,Ho
1109,mp-10765,Ho,0.023658919999999,Ho
1110,mp-7236,Ho,0.14499169,Ho
1111,mp-1055994,In,0.029795239999999,In
1112,mp-1184502,In,0.0,In
1113,mp-1184511,In,0.050234822499999,In
1114,mp-973111,In,0.047700529999999,In
1115,mp-1184693,In,0.053309444827585,In
1116,mp-85,In,0.03681058,In
1117,mp-1184478,In,0.034837419999999,In
1118,mp-2647032,Ir,0.062916919999999,Ir
1119,mp-101,Ir,0.0,Ir
1120,mp-2647047,Ir,0.58898291,Ir
1121,mp-1060567,Ir,3.780912309999999,Ir
1122,mp-1056027,K,0.496229586999999,K
1123,mp-1180991,K,0.112965548999999,K
1124,mp-1078640,K,0.166350255749999,K
1125,mp-1180961,K,0.071603187,K
1126,mp-604325,K,0.073541116999999,K
1127,mp-1184764,K,0.022543240333333,K
1128,mp-1184755,K,0.011617642,K
1129,mp-604318,K,0.0117184445,K
1130,mp-1199937,K,0.049798189098765,K
1131,mp-1184905,K,0.0,K
1132,mp-1185201,K,0.037127566310344,K
1133,mp-998881,K,0.120165116999999,K
1134,mp-1184808,K,0.03364152575,K
1135,mp-10157,K,0.012324776999999,K
1136,mp-58,K,0.009560446999999,K
1137,mp-1080043,K,0.063620524499999,K
1138,mp-972981,K,0.008376742,K
1139,mp-1184804,K,0.017136935749999,K
1140,mp-573691,K,0.031988253249999,K
1141,mp-1068966,K,0.179134935,K
1142,mp-26,La,0.0,La
1143,mp-156,La,0.000665995,La
1144,mp-10023,La,0.133509434999999,La
1145,mp-1018134,Li,0.0,Li
1146,mp-1063005,Li,0.018577533333333,Li
1147,mp-10173,Li,0.002505461666666,Li
1148,mp-976411,Li,0.002797539166666,Li
1149,mp-604313,Li,0.261798744166666,Li
1150,mp-567337,Li,0.010871739166666,Li
1151,mp-51,Li,0.002892706666666,Li
1152,mp-135,Li,0.005126906666666,Li
1153,mp-1103107,Li,0.0553794725,Li
1154,mp-973571,Lu,0.000733366666667,Lu
1155,mp-145,Lu,0.0,Lu
1156,mp-10190,Lu,0.13208155,Lu
1157,mp-1056351,Mg,0.028723309999999,Mg
1158,mp-1094122,Mg,0.003384133333333,Mg
1159,mp-1055956,Mg,0.23651014,Mg
1160,mp-153,Mg,0.009278714999999,Mg
1161,mp-973364,Mg,0.01332772,Mg
1162,mp-1056702,Mg,0.0,Mg
1163,mp-110,Mg,0.02580189,Mg
1164,mp-1247180,Mg,0.177378670999999,Mg
1165,mp-1057139,Mn,0.657519872068965,Mn
1166,mp-2647025,Mn,0.052632352068965,Mn
1167,mp-542909,Mn,0.052946990068964,Mn
1168,mp-1191484,Mn,0.8065849943416931,Mn
1169,mp-35,Mn,0.0,Mn
1170,mp-8634,Mn,0.083098052068965,Mn
1171,mp-1055908,Mn,0.145444722068964,Mn
1172,mp-1180307,Mo,0.398945284374999,Mo
1173,mp-1190217,Mo,0.478859334999999,Mo
1174,mp-1056004,Mo,0.870806519999998,Mo
1175,mp-1066523,Mo,0.442126459999999,Mo
1176,mp-2647013,Mo,0.429178524999999,Mo
1177,mp-8637,Mo,0.411467179999998,Mo
1178,mp-129,Mo,0.0,Mo
1179,mp-1181019,Mo,0.331962506874999,Mo
1180,mp-974920,Na,0.012510683448275,Na
1181,mp-973198,Na,0.007873076781609,Na
1182,mp-10172,Na,0.010302288448276,Na
1183,mp-982370,Na,0.011847395948275,Na
1184,mp-999501,Na,0.123969160948275,Na
1185,mp-1186055,Na,0.024828427448275,Na
1186,mp-1221597,Na,0.410783303448275,Na
1187,mp-1186081,Na,0.0,Na
1188,mp-567772,Na,0.012978089698275,Na
1189,mp-689577,Na,1.083737383448276,Na
1190,mp-1186040,Na,0.017899907198275,Na
1191,mp-974558,Na,0.010887503448275,Na
1192,mp-127,Na,0.012324093448275,Na
1193,mp-1079952,Na,0.086311797198275,Na
1194,mp-1094120,Nb,0.189748285,Nb
1195,mp-1104341,Nb,0.02321335142857,Nb
1196,mp-2647103,Nb,0.302517959999999,Nb
1197,mp-8636,Nb,0.320164159999999,Nb
1198,mp-75,Nb,0.0,Nb
1199,mp-974788,Nd,0.002717189166666,Nd
1200,mp-123,Nd,0.0,Nd
1201,mp-159,Nd,0.0090144025,Nd
1202,mp-4,Nd,0.1399636625,Nd
1203,mp-1014111,Ni,0.6202391299999991,Ni
1204,mp-1094136,Ni,0.7398515400000001,Ni
1205,mp-1246134,Ni,0.4099107999999999,Ni
1206,mp-10257,Ni,0.026142355,Ni
1207,mp-23,Ni,0.0,Ni
1208,mp-1008728,Ni,0.09555978,Ni
1209,mp-1080694,Os,0.230507992499999,Os
1210,mp-1180157,Os,3.903548942499999,Os
1211,mp-49,Os,0.0,Os
1212,mp-8643,Os,0.133359429999998,Os
1213,mp-2647031,Os,0.882829079999998,Os
1214,mp-1102666,Pb,0.115925581666666,Pb
1215,mp-1057273,Pb,0.106767955,Pb
1216,mp-1186444,Pb,0.017126732499999,Pb
1217,mp-20745,Pb,0.01427132,Pb
1218,mp-20483,Pb,0.0,Pb
1219,mp-1247117,Pb,0.262423894999999,Pb
1220,mp-22692,Pb,0.047538199999999,Pb
1221,mp-1186427,Pd,0.006720985,Pd
1222,mp-2646997,Pd,0.022572985,Pd
1223,mp-2,Pd,0.0,Pd
1224,mp-2646977,Pd,0.04476507,Pd
1225,mp-1059528,Pr,0.009701465,Pr
1226,mp-568938,Pr,0.085707675,Pr
1227,mp-567630,Pr,0.008282981666666,Pr
1228,mp-1179917,Pr,0.013613315,Pr
1229,mp-981544,Pr,0.003878025,Pr
1230,mp-1059256,Pr,0.02894351,Pr
1231,mp-38,Pr,0.0,Pr
1232,mp-97,Pr,0.008044544999999,Pr
1233,mp-63,Pr,0.135616664999999,Pr
1234,mp-1009594,Pr,0.031697805,Pr
1235,mp-2647022,Pt,0.069093715,Pt
1236,mp-126,Pt,0.0,Pt
1237,mp-2646979,Pt,0.10703882,Pt
1238,mp-1179802,Rb,0.0536492825,Rb
1239,mp-640416,Rb,0.056727803749999,Rb
1240,mp-656615,Rb,0.022942533749999,Rb
1241,mp-1179832,Rb,0.452524276249999,Rb
1242,mp-639755,Rb,0.0073874025,Rb
1243,mp-975519,Rb,0.016627212499999,Rb
1244,mp-639736,Rb,0.0701946525,Rb
1245,mp-1179656,Rb,0.0,Rb
1246,mp-867126,Rb,0.024408722499999,Rb
1247,mp-604321,Rb,0.0022357275,Rb
1248,mp-975129,Rb,0.0100232525,Rb
1249,mp-569688,Rb,0.06207170826923,Rb
1250,mp-1186853,Rb,0.007491580499999,Rb
1251,mp-1186899,Rb,0.039105244913793,Rb
1252,mp-974620,Rb,0.0363966637499999,Rb
1253,mp-12628,Rb,0.0153412025,Rb
1254,mp-70,Rb,0.0092124725,Rb
1255,mp-975204,Rb,0.0118411075,Rb
1256,mp-1018045,Rb,0.074531954999999,Rb
1257,mp-1063817,Rb,0.181163509999999,Rb
1258,mp-975065,Re,0.018502204999999,Re
1259,mp-1186901,Re,0.0014031825,Re
1260,mp-8,Re,0.0,Re
1261,mp-8642,Re,0.062756755,Re
1262,mp-2647037,Re,0.318312105,Re
1263,mp-1186916,Rh,0.039917125,Rh
1264,mp-2646993,Rh,0.059014695,Rh
1265,mp-1239193,Rh,0.79250642,Rh
1266,mp-74,Rh,0.0,Rh
1267,mp-2647000,Rh,0.3493251,Rh
1268,mp-33,Ru,0.0,Ru
1269,mp-8639,Ru,0.107256770000001,Ru
1270,mp-1179605,Sb,0.050482344999999,Sb
1271,mp-567409,Sb,0.1208945625,Sb
1272,mp-632286,Sb,0.058885309999999,Sb
1273,mp-10631,Sb,0.30193994,Sb
1274,mp-567144,Sb,0.270596294999999,Sb
1275,mp-104,Sb,0.0,Sb
1276,mp-80,Sb,0.290331829999999,Sb
1277,mp-1104795,Sb,0.333726518571428,Sb
1278,mp-1179613,Sb,0.333293312142857,Sb
1279,mp-1179618,Sb,0.234567615,Sb
1280,mp-1236935,Sb,0.267894794285714,Sb
1281,mp-133,Sb,0.05056433,Sb
1282,mp-10630,Sb,0.328350750000001,Sb
1283,mp-7761,Sb,0.23852457,Sb
1284,mp-1064244,Sc,0.11248714,Sc
1285,mp-1056366,Sc,0.107789215,Sc
1286,mp-567308,Sc,0.20573354,Sc
1287,mp-1055932,Sc,0.052474915,Sc
1288,mp-601273,Sc,0.127706965,Sc
1289,mp-1977495,Sc,0.065322404999999,Sc
1290,mp-67,Sc,0.0,Sc
1291,mp-1008681,Sc,0.7194539350000001,Sc
1292,mp-36,Sc,0.046947955,Sc
1293,mp-10641,Sc,0.102231445,Sc
1294,mp-86,Sm,0.000903658333333,Sm
1295,mp-68,Sm,0.022064929999999,Sm
1296,mp-69,Sm,0.0,Sm
1297,mp-21377,Sm,0.010519125,Sm
1298,mp-55,Sn,0.063087794999999,Sn
1299,mp-623511,Sn,0.061407004999999,Sn
1300,mp-84,Sn,0.035511604999999,Sn
1301,mp-949028,Sn,0.02962180347826,Sn
1302,mp-1022725,Sn,0.054256834999999,Sn
1303,mp-117,Sn,0.0,Sn
1304,mp-7162,Sn,0.074196755,Sn
1305,mp-1056308,Sn,0.065968104999999,Sn
1306,mp-1179414,Sn,0.096486717499999,Sn
1307,mp-1179325,Sr,0.399720503333333,Sr
1308,mp-567826,Sr,0.148336203333333,Sr
1309,mp-10617,Sr,0.258648878333333,Sr
1310,mp-1187073,Sr,0.0,Sr
1311,mp-1056418,Sr,1.399728133333333,Sr
1312,mp-19858,Sr,0.236389983333333,Sr
1313,mp-139,Sr,0.005593553333333,Sr
1314,mp-867202,Sr,0.007935903333333,Sr
1315,mp-639774,Sr,0.397054263333333,Sr
1316,mp-76,Sr,0.006394533333333,Sr
1317,mp-95,Sr,0.013056413333333,Sr
1318,mp-42,Ta,0.006999642333333,Ta
1319,mp-1076923,Ta,5.146382562499999,Ta
1320,mp-569794,Ta,0.007034739333333,Ta
1321,mp-697196,Ta,1.21123752,Ta
1322,mp-1095086,Ta,1.329314316249998,Ta
1323,mp-2647044,Ta,0.285147449999998,Ta
1324,mp-1217756,Ta,1.099143479999998,Ta
1325,mp-6986,Ta,0.244880829999999,Ta
1326,mp-50,Ta,0.0,Ta
1327,mp-1217805,Ta,5.145464994999999,Ta
1328,mp-11698,Tb,0.0,Tb
1329,mp-18,Tb,0.018911275,Tb
1330,mp-571249,Tb,0.013679741666666,Tb
1331,mp-7163,Tb,0.01888514,Tb
1332,mp-11446,Tb,0.14801509,Tb
1333,mp-113,Tc,0.0,Tc
1334,mp-867351,Tc,0.00329851,Tc
1335,mp-8638,Tc,0.066872834999999,Tc
1336,mp-570459,Te,0.043648906666666,Te
1337,mp-19,Te,0.0,Te
1338,mp-567313,Te,2.3463333333732333e-05,Te
1339,mp-1178932,Te,0.054095453333333,Te
1340,mp-1064307,Te,0.122781545833333,Te
1341,mp-10654,Te,0.046551583333333,Te
1342,mp-1178952,Te,0.049135678333333,Te
1343,mp-105,Te,0.047065005833333,Te
1344,mp-9924,Te,0.127406703333333,Te
1345,mp-1244924,Ti,0.183286863166665,Ti
1346,mp-1245006,Ti,0.141383983866666,Ti
1347,mp-1245164,Ti,0.138331885266666,Ti
1348,mp-1245170,Ti,0.169614288666665,Ti
1349,mp-1245320,Ti,0.155102003566665,Ti
1350,mp-1238818,Ti,0.310307806666666,Ti
1351,mp-72,Ti,0.0,Ti
1352,mp-46,Ti,0.004434846666666,Ti
1353,mp-6985,Ti,0.061962516666666,Ti
1354,mp-73,Ti,0.112036106666666,Ti
1355,mp-972351,Tl,0.0,Tl
1356,mp-82,Tl,0.003881291666666,Tl
1357,mp-972373,Tl,0.026017344166666,Tl
1358,mp-1187790,Tl,0.003464339770114,Tl
1359,mp-151,Tl,0.010689606666666,Tl
1360,mp-39,Tl,0.000990166666666,Tl
1361,mp-1018122,Tm,5.921189464667501e-16,Tm
1362,mp-143,Tm,0.003578948333333,Tm
1363,mp-971769,Tm,0.010575138333333,Tm
1364,mp-10660,Tm,0.031435803333333,Tm
1365,mp-10661,Tm,0.140719533333333,Tm
1366,mp-2647074,V,0.253784719999998,V
1367,mp-8632,V,0.247140399999999,V
1368,mp-146,V,0.0,V
1369,mp-1178801,W,1.198139206500001,W
1370,mp-1191581,W,1.181116915599998,W
1371,mp-1216274,W,0.80412978,W
1372,mp-2646990,W,0.49604466,W
1373,mp-11334,W,0.08726440625,W
1374,mp-8641,W,0.47142784,W
1375,mp-91,W,0.0,W
1376,mp-1065340,W,0.491392362499999,W
1377,mp-1187739,Y,0.0,Y
1378,mp-112,Y,0.003549638333333,Y
1379,mp-1187717,Y,0.006932883333333,Y
1380,mp-9,Y,0.023963343333333,Y
1381,mp-1244987,Zn,0.0583747568,Zn
1382,mp-1245093,Zn,0.0550689152,Zn
1383,mp-1245184,Zn,0.0488518927,Zn
1384,mp-1245266,Zn,0.0523159748,Zn
1385,mp-1187812,Zn,0.010849816666666,Zn
1386,mp-79,Zn,0.0,Zn
1387,mp-2646972,Zn,0.00520538,Zn
1388,mp-2647117,Zn,0.07166243,Zn
1389,mp-1056376,Zr,0.361779639999999,Zr
1390,mp-1178608,Zr,1.801561589999999,Zr
1391,mp-131,Zr,0.0,Zr
1392,mp-8635,Zr,0.039263739999999,Zr
1393,mp-41,Zr,0.074562379999999,Zr
1394,mp-1077723,Zr,0.015747629999998,Zr
